# redirects
# pages
/p/about.html                   /about/                     301
/p/archive.html                 /archives/posts/            301
/p/useful-links.html            /toolbox/                   301
/p/projects.html                /projects/                  301
# posts
/posts/2018-11-28-card-links/   /posts/2018-11-28-link-cards/   301
/posts/2019-10-25-delirium-in-sickness-warning-may-provoke-depression/   /posts/2019-10-25-delirium-in-sickness/   301
/posts/2022-12-27-2022-recap-dull-life/     /posts/2022-12-27-2022-recap-ordinary-life/     301
/posts/2019-09-09-community-of-lonly-lovages/   /posts/2019-09-09-community-of-lonely-lovages/      301
/2021/02/shimeji-on-macos.html  /posts/2021-02-22-shimeji-for-macos/     301
/2021/02/2021-1.html            /posts/2021-02-04-gains-and-losses-with-online-shopping/     301
/2021/01/2020-12.html           /posts/2021-01-07-gains-and-losses-with-online-shopping/     301
/2020/12/vs.html                /posts/2020-12-02-tampon-vs-menstrual-cup-by-menstrual-poverty/      301
/2020/12/blog-post_28.html      /posts/2020-12-28-how-things-have-been-but-less-pessimistic/     301
/2020/12/blog-post.html         /posts/2020-12-12-i-am-not-going-anywhere/       301
/2020/12/2020-11.html           /posts/2020-12-07-gains-and-losses-with-online-shopping/     301
/2020/11/its-more-of-funeral-than-celebration.html      /posts/2020-11-16-its-more-of-a-funeral-than-celebration/        301
/2020/10/ipados-14-whats-real-computer.html     /posts/2020-10-27-tried-to-work-with-ipados-14/      301
/2020/07/two-letters-on-justice-and-open-debate.html        /posts/2020-07-25-two-letters-on-justice-and-open-debate/        301
/2020/07/love3-by-p.html        /posts/2020-07-31-love-times-3-by-kurousa-p/     301
/2020/07/blog-post.html         /posts/2020-07-08-unmaintained-gardens-will-become-weedy-lawn/       301
/2020/05/virtual-learning-is-future-but-maybe.html      /posts/2020-05-10-virtual-learning-is-the-future-but/        301
/2020/05/git-error-refusing-to-allow-oauth-app.html     /posts/2020-05-24-git-error-refusing-to-allow-an-oauth-app-to-create-or-update-workflow/     301
/2020/05/digital-zettelkasten-101.html      /posts/2020-05-21-digital-zettelkasten-101      301
/2020/05/blog-post_51.html      /posts/2020-05-18-invitation-to-podcast/     301
/2020/05/blog-post_31.html      /posts/2020-05-31-broken-is-the-meaning-of-breaking/     301
/2020/05/blog-post.html         /posts/2020-05-02-lord-of-the-mysteries-by-cuttlefish-that-loves-diving/     301
/2020/04/mac-rstudio-terminal.html      /posts/2020-04-18-messing-with-mac-terminal/     301
/2020/04/blogger-github-page.html       /posts/2020-04-15-custom-domain-pitfalls-blogger-github/     301
/2020/03/matplotlib-seaborn-tricks.html     /posts/2020-03-02-matplotlib-and-seaborn-tricks/     301
/2020/03/mastodonrss.html       /posts/2020-03-09-sync-mastodon-and-sns-again/       301
/2020/03/mac-zsh-neofetch-motd.html     /posts/2020-03-25-use-neofetch-as-motd-on-mac/       301
/2020/03/iosipados.html         /posts/2020-03-28-make-more-use-of-ios-ipados-preface/       301
/2020/03/apologies-featsleepyab-by.html     /posts/2020-03-06-apologies-feat-sleepy-ab-by-fukuhara-miho/     301
/2020/02/youtube.html           /posts/2020-02-10-youtube-is-better-in-browsers/     301
/2020/02/unlocking-creative-body-by-elliott.html        /posts/2020-02-09-unlocking-the-creative-body-by-elliott-fienberg/       301
/2020/02/bookdownrmarkdown-vs-me.html       /posts/2020-02-15-bookdown-and-rmarkdown-vs-me/      301
/2020/02/apple-vs-digital-generations-vs-me.html        /posts/2020-02-03-apple-vs-digital-generations-vs-me/        301
/2020/01/202001.html            /posts/2020-01-09-download-your-apple-data/      301
/2020/01/2019.html              /posts/2020-01-20-year-of-themes-and-2019-recap/     301
/2020/01/009.html               /posts/2020-01-31-sleepless-museum-009-digital-gadgets/      301
/2019/12/the-case-of-power-dynamics-hierarchy.html      /posts/2019-12-12-the-case-of-power-dynamics/        301
/2019/12/mac-finder-spotlightalfred.html        /posts/2019-12-16-solve-searching-problems-of-mac-finder/        301
/2019/12/constitution-of-republic-of-uzupis.html        /posts/2019-12-15-constitution-of-the-republic-of-uzupis/        301
/2019/12/by.html                /posts/2019-12-14-seishun-datshutsu-sokudo-by-kami-sama-boku-wa-kizuiteshimatta/     301
/2019/12/blog-post_24.html      /posts/2019-12-24-find-that-brush/       301
/2019/12/blog-post.html         /posts/2019-12-30-a-kind-of-future/      301
/2019/12/anysearch.html         /posts/2019-12-26-how-to-remove-anysearch/       301
/2019/11/journal-macbook-gets-very-warm.html        /posts/2019-11-10-macbook-gets-warm-overnight-while-connected-to-power/      301
/2019/11/by-acidman.html        /posts/2019-11-10-ai-wo-ryoute-ni-by-acidman/        301
/2019/10/sincerely-by-charm-park.html       /posts/2019-10-26-sincerely-by-the-charm-park/       301
/2019/10/by.html                /posts/2019-10-05-hitchcock-by-yorushika/        301
/2019/10/blog-post.html         /posts/2019-10-25-delirium-in-sickness/         301
/2019/09/by.html                /posts/2019-09-14-kagerou-by-onitsuka-chihiro/       301
/2019/09/by-46.html             /posts/2019-09-20-kuroi-hitsuji-by-keyakizaka46     301
/2019/09/blog-post.html         /posts/2019-09-09-community-of-lonely-lovages/        301
/2019/08/blog-post.html         /posts/2019-08-28-japanese-for-requiring-permission-to-translate/        301
/2019/08/abo.html               /posts/2019-08-05-on-gender-sexuality-identification-and-omegaverse/     301
/2019/08/008youtubers.html      /posts/2019-08-29-sleepless-museum-008-youtubers/        301
/2019/07/pawoomastodon.html     /posts/2019-08-07-custom-theme-for-pawoo-or-mastodon/        301
/2019/07/ifttt-mastodon.html    /posts/2019-07-13-sync-mastodon-and-sns-with-ifttt/      301
/2019/07/blog-post_23.html      /posts/2019-07-23-from-the-oak-tree-with-love/       301
/2019/07/blog-post.html         /posts/2019-07-01-epitaph-of-patriots/       301
/2019/06/litany-in-which-certain-things-are.html        /posts/2019-06-09-litany-in-which-certain-things-are-crossed-out-by-richard-siken/       301
/2019/06/globalize-your-digital-reading-life.html       /posts/2019-06-20-globalise-your-digital-reading-life/       301
/2019/06/blog-post_27.html      /posts/2019-06-27-star/      301
/2019/06/blog-post_24.html      /posts/2019-06-24-idolatry/      301
/2019/06/blog-post_13.html      /posts/2019-06-13-self-statement-at-twenty-three/        301
/2019/06/blog-post.html         /posts/2019-06-11-untitled/      301
/2019/05/life-on-road.html      /posts/2019-05-08-life-on-the-road/      301
/2019/04/for-you-who-have-everything.html       /posts/2019-04-22-for-you-who-have-everything/       301
/2019/04/blog-post.html         /posts/2019-04-01-us-by-jordan-peele/        301
/2019/04/a-small-mess.html      /posts/2019-04-09-a-small-mess/      301
/2019/04/a-postcard.html        /posts/2019-04-20-a-postcard/        301
/2019/03/blog-post_30.html      /posts/2019-03-30-idealism-and-realism/      301
/2019/03/blog-post.html         /posts/2019-03-12-green-book-by-peter-farrelly/      301
/2019/02/blog-post.html         /posts/2019-02-11-vulcan-s-heart/        301
/2019/02/007westlife.html       /posts/2019-02-14-sleepless-museum-007-westlife/     301
/2019/01/blogdown.html          /posts/2019-01-06-blogdown-from-beginner-to-give-up-but-not-yet/     301
/2019/01/blog-post_4.html       /posts/2019-01-04-procrastinator-s-guide-to-keep-fit-and-healthy/        301
/2019/01/blog-post_23.html      /posts/2019-01-23-il-logical-and-ir-rational-and-love/       301
/2019/01/blog-post.html         /posts/2019-10-25-a-study-of-capsule-coffee/     301
/2018/12/2018.html              /posts/2018-12-28-the-ideal-way-of-life-aka-2018-recap/      301
/2018/11/time-machine.html      /posts/2018-11-11-solve-time-machine-error-while-copying-files/      301
/2018/11/tbe-jupyter-notebook-lab-r-kernel.html     /posts/2018-11-16-jupyter-notebook-2-binder/     301
/2018/11/jupyter-notebook-r-r-embed-in-python.html      /posts/2018-11-15-jupyter-notebook-1-installation-config/        301
/2018/11/jupyter-notebook-heroku-github.html        /posts/2018-11-18-jupyter-notebook-3-heroku/     301
/2018/11/jupyter-4jupytext.html /posts/2018-11-25-jupyter-notebook-4-jupytext-conclusion/        301
/2018/11/jupyter-4jupytext.html     /posts/2018-11-25-jupyter-notebook-4-jupytext-conclusion/        301
/2018/11/html.html              /posts/2018-11-28-link-cards/        301
/2018/11/blogger.html           /posts/2018-11-20-on-archive-page-for-blogger/       301
/2018/11/blogger-css_16.html    /posts/2018-12-19-on-custom-css-for-blogger/     301
/2018/11/blog-post_26.html      /posts/2018-11-26-being-chosen-vs-having-no-choices/     301
/2018/11/blog-post_24.html      /posts/2018-11-24-on-chineseness/        301
/2018/11/blog-post_21.html      /posts/2018-11-21-back-from-clinic/      301
/2018/10/browser-tab-notepad.html       /posts/2018-10-01-new-tab-notepad/       301
/2018/10/blog-post_8.html       /posts/2018-10-08-disperse-from-japan-the-right-way/     301
/2018/10/blog-post_6.html       /posts/2018-10-06-what-will-a-woman-do-for-her-confidant-by-yu-jin-peng-xiang/       301
/2018/10/blog-post_21.html      /posts/2018-10-21-the-tenth-day-in-bonn/     301
/2018/10/blog-post.html         /posts/2018-10-03-seven-day-tour-of-capsule-hotel/       301
/2018/09/ulysses.html           /posts/2018-09-18-me-vs-tables-in-ulysses/       301
/2018/09/instagram-widget.html  /posts/2018-09-20-new-instagram-widget/      301
/2018/09/blog-post_78.html      /posts/2018-09-29-dummy-s-guide-to-selling-second-hand-in-tokyo/     301
/2018/09/blog-post_25.html      /posts/2018-09-25-behind-the-eyes-of-a-goldfish/     301
/2018/09/blog-post_24.html      /posts/2018-09-24-on-packing/        301
/2018/09/blog-post.html         /posts/2018-09-22-syntax-highlighting-in-blogger/        301
/2018/09/006.html               /posts/2018-09-20-sleepless-museum-006-vending-machines-at-waseda/       301
/2018/08/mac.html               /posts/2020-01-05-mac-restore-list/      301
/2018/07/new-journey.html       /posts/2018-07-03-new-journey/       301
/2018/07/blog-post.html         /posts/2018-07-02-our-little-sister-by-hirokazu-koreeda/     301
/2018/07/20181012.html          /posts/2018-07-06-applying-for-germany-student-visa-in-tokyo/        301
/2018/05/blog-post.html         /posts/2018-05-24-clothes-that-suit-and-clothes-that-push-you-forward/       301
/2018/05/005shopping-list.html  /posts/2018-05-21-sleepless-museum-005-japan-shopping-list/      301
/2018/03/blog-post_8.html       /posts/2018-03-08-the-shape-of-water-by-guillermo-del-toro/      301
/2018/03/blog-post.html         /posts/2018-03-08-a-fantastic-woman-by-sebastian-lelio/      301
/2018/03/200.html               /posts/2018-03-02-200-years-of-self-esteem-formation/        301
/2018/01/blog-post_59.html      /posts/2018-01-02-loving-vincent-by-dorota-kobiela-and-hugh-welchman/        301
/2018/01/blog-post_28.html      /posts/2018-01-28-the-shape-of-love/     301
/2018/01/blog-post_25.html      /posts/2018-01-23-on-slut-shaming-and-other-stuff/       301
/2018/01/blog-post_2.html       /posts/2018-01-02-fight-club-by-david-fincher/       301
/2018/01/blog-post_18.html      /posts/2018-01-18-i-don-t-want-to-die-in-a-frozen-city/      301
/2018/01/blog-post.html         /posts/2018-01-02-detective-yugami-by-hiroshi-nishitani/     301
/2018/01/2018-resolution.html   /posts/2018-01-06-mood-and-2018-resolution/      301
/2018/01/004apple-person.html   /posts/2018-01-30-sleepless-museum-004-apple-person/     301
/2018/01/004apple-person.html       /posts/2018-01-30-sleepless-museum-004-apple-person/     301
/2018/01/003.html               /posts/2018-01-29-sleepless-museum-003-sinotype-fonts/       301
/2018/01/002.html               /posts/2018-01-25-sleepless-museum-002-songs-from-chinese-dramas/        301
/2018/01/001she.html            /posts/2018-01-25-sleepless-museum-001-s-h-e/        301
/2017/12/blog-post_14.html      /posts/2017-12-14-this-year-has-already-ended/       301
/2017/12/4.html                 /posts/2017-12-06-a-port-for-the-left-ones-4/        301
/2017/11/blog-post_17.html      /posts/2017-11-16-original-sin-of-patriots/      301
/2017/11/blog-post.html         /posts/2017-11-10-close-knit-by-naoko-ogigami/       301
/2017/09/blog-post_28.html      /posts/2017-09-28-about-cheilitis-and-herpes/        301
/2017/09/blog-post_13.html      /posts/2017-09-13-soul-mate-by-kwok-cheung-tsang/        301
/2017/09/blog-post_10.html      /posts/2017-09-10-skills-by-hao-pei-qiang/       301
/2017/09/blog-post.html         /posts/2017-09-03-semi-annual-summary-of-a-new-programmer/       301
/2017/08/laszlo.html            /posts/2017-08-07-gloomy-sunday-by-rolf-schubel/     301
/2017/08/dont-shrink-shrink.html        /posts/2017-08-09-good-will-hunting-by-gus-van-sant/     301
/2017/08/blog-post_8.html       /posts/2017-08-07-rhinoceros-in-love-by-liao-yimei-and-meng-jinghui/     301
/2017/08/blog-post_7.html       /posts/2017-08-06-of-love-and-other-demons-by-gabriel-garcia-marquez/        301
/2017/08/blog-post_29.html      /posts/2017-08-28-blades-and-verse-by-xun-yu-ren/        301
/2017/08/blog-post.html         /posts/2017-08-06-the-stranger-by-albert-camus/      301
/2017/07/2.html                 /posts/2017-07-02-a-port-for-the-left-ones-2/        301
/2017/06/notes-on-schelling-1971-clark-1991.html        /posts/2017-06-27-notes-on-schelling-1971-clark-1991/        301
/2017/06/blog-post_3.html       /posts/2017-06-10-born-for-what/     301
/2017/06/blog-post_15.html      /posts/2017-06-15-not-feeling-good/      301
/2017/06/blog-post_14.html      /posts/2017-06-14-the-small-matter-called-happiness/     301
/2017/06/blog-post_13.html      /posts/2017-06-13-matter-of-future/      301
/2017/06/blog-post_10.html      /posts/2017-06-09-i-ve-seen-turtle-jump-off-the-cliff/       301
/2017/06/blog-post.html         /posts/2017-06-08-matter-of-mindset/     301
/2017/05/blog-post_29.html      /posts/2017-05-29-sandberg-vs-anne-marie-slaughter/      301
/2017/04/blog-post.html         /posts/2017-04-18-reason-or-price-of-vigour/     301
/2017/02/you-are-my-guiding-star.html       /posts/2017-02-12-you-are-my-guiding-star/       301
/2017/02/if-i-never-met-you.html        /posts/2017-02-12-if-i-never-met-you/        301
/2017/02/blog-post.html         /posts/2017-02-07-new-blog-new-start-again/      301
/2016/06/1-by-kokia.html        /posts/2016-06-23-tatta-hitotuno-omoi-by-kokia/      301

# 404 page
/*          /404/           404
